{"cameraMode":{"drawMode":0,"name":"Shaded","section":"Shading Mode"},"sceneLighting":false,"audioPlay":false,"sceneViewState":{"m_AlwaysRefresh":false,"showFog":true,"showSkybox":false,"showFlares":true,"showImageEffects":true,"showParticleSystems":true,"showVisualEffectGraphs":true,"m_FxEnabled":true},"in2DMode":false,"pivot":{"x":3.8090643882751467,"y":1.4907152652740479,"z":-5.169281005859375},"rotation":{"x":-0.08637669682502747,"y":0.1361389309167862,"z":-0.011910021305084229,"w":-0.9867992401123047},"size":1.1950417757034302,"orthographic":false}