{"cameraMode":{"drawMode":0,"name":"Shaded","section":"Shading Mode"},"sceneLighting":false,"audioPlay":false,"sceneViewState":{"showFog":true,"showMaterialUpdate":false,"showSkybox":false,"showFlares":true,"showImageEffects":true,"showParticleSystems":true},"in2DMode":false,"pivot":{"x":0.4024214446544647,"y":0.7672858834266663,"z":-1.0811591148376465},"rotation":{"x":-0.220340758562088,"y":-0.1609685719013214,"z":0.0368943028151989,"w":-0.9613420367240906},"size":0.44134795665740969,"orthographic":false}