{"cameraMode":{"drawMode":0,"name":"Shaded","section":"Shading Mode"},"sceneLighting":true,"audioPlay":false,"sceneViewState":{"showFog":true,"showMaterialUpdate":false,"showSkybox":true,"showFlares":true,"showImageEffects":true,"showParticleSystems":true},"in2DMode":false,"pivot":{"x":0.0,"y":2.148991584777832,"z":8.796350479125977},"rotation":{"x":-0.12807144224643708,"y":-0.07668875902891159,"z":0.009929180145263672,"w":-0.9887597560882568},"size":33.6755256652832,"orthographic":false}